path,nominal,label,contrast_mean,dissimilarity_mean,homogeneity_mean,energy_mean,correlation_mean,asm_mean
dataset\1000\dirty\1k_b_dirty_001.png,1000,dirty,344.31400054967446,10.594329900158527,0.15839014805536172,0.025099398971894116,0.6973986149042248,0.0006325692388447487
dataset\1000\dirty\1k_b_dirty_002.png,1000,dirty,461.6976041366353,12.20895337730669,0.13961723569246776,0.024121357350092968,0.696020818371706,0.0005834630251247879
dataset\1000\dirty\1k_b_dirty_003.png,1000,dirty,568.365580816276,12.776232518742717,0.14831057654223925,0.02388871177957278,0.6894779493090515,0.000572627952323672
dataset\1000\dirty\1k_b_dirty_004.png,1000,dirty,382.05013017829936,11.33750552672041,0.14936968912081,0.02392812718055617,0.8020745729441867,0.000574241559227089
dataset\1000\dirty\1k_b_dirty_005.png,1000,dirty,530.4703348021254,13.36285018081983,0.13722878871123234,0.02150973959457176,0.6643060932599479,0.0004652769481154364
dataset\1000\dirty\1k_d_dirty_001.png,1000,dirty,595.9663591827757,13.993504811850924,0.1976332912251645,0.033260468431587115,0.8939914067333842,0.001121381125951799
dataset\1000\dirty\1k_d_dirty_002.png,1000,dirty,1140.4669740153777,16.49570731509442,0.21325609823999092,0.050413737156711665,0.7715599727549627,0.0025656992780762767
dataset\1000\dirty\1k_d_dirty_003.png,1000,dirty,671.120752820415,14.107218783039622,0.21328992672500488,0.046651865205466825,0.8538332812333591,0.002196990479384974
dataset\1000\dirty\1k_d_dirty_004.png,1000,dirty,383.408935490554,10.699287698841575,0.225652920092894,0.04813494471044332,0.8955395369695003,0.0023340078024605467
dataset\1000\dirty\1k_d_dirty_005.png,1000,dirty,676.5018925563234,13.414875393477825,0.22177480520467374,0.05268699908584862,0.8566238186615595,0.002798628114808698
dataset\1000\normal\1k_b_normal_001.png,1000,normal,301.16260308535675,9.952306835111433,0.15387447864011475,0.025940027302084633,0.6837808370469256,0.0006752536855821516
dataset\1000\normal\1k_b_normal_002.png,1000,normal,292.64999989487586,9.61911814266142,0.16307359330373117,0.02735526387872169,0.6817177549606571,0.0007511500525007786
dataset\1000\normal\1k_b_normal_003.png,1000,normal,331.2596895124516,10.776707816705038,0.14098432363410063,0.024424882608357214,0.6721020091730684,0.0005986304226919031
dataset\1000\normal\1k_b_normal_004.png,1000,normal,320.5298868373984,10.048254922986306,0.15574620713495885,0.02642812270577016,0.6714481594392201,0.0007007789053615346
dataset\1000\normal\1k_b_normal_005.png,1000,normal,329.97052892818226,10.625025245698659,0.14208822211417108,0.025198681034852396,0.6589012109438764,0.0006373202682916274
dataset\1000\normal\1k_d_normal_001.png,1000,normal,479.64090136604204,10.973428879517016,0.24709223423090376,0.05942852842462478,0.8914374675668421,0.003553782740115183
dataset\1000\normal\1k_d_normal_002.png,1000,normal,508.17861740374656,11.233070648908694,0.24424751339787543,0.06092074550309981,0.8807286949936404,0.003734843319549498
dataset\1000\normal\1k_d_normal_003.png,1000,normal,501.22200279037816,11.411981164095105,0.23378609327293667,0.052321262570034284,0.8874998831930543,0.002756999696746004
dataset\1000\normal\1k_d_normal_004.png,1000,normal,472.2678062373689,10.927171085039074,0.24924847020212876,0.06141158515909664,0.8898299608036839,0.0037975138882883055
dataset\1000\normal\1k_d_normal_005.png,1000,normal,507.7545545433097,11.476437262711064,0.22813068111143897,0.05278433825158417,0.8832438347923737,0.002806297397683851
dataset\1000\scuffed\1k_b_scuffed_001.png,1000,scuffed,368.9253873960766,11.697880457636378,0.13728917190723267,0.019281603695829343,0.7473360339102262,0.0003759220323766794
dataset\1000\scuffed\1k_b_scuffed_002.png,1000,scuffed,347.00182441849734,11.27546045991916,0.14295316626092183,0.019807756251978656,0.7416608859577302,0.0003999936080339517
dataset\1000\scuffed\1k_b_scuffed_003.png,1000,scuffed,371.11233579032427,11.820449917099108,0.13535675737038927,0.02021257876215836,0.7482229846500094,0.00041277951041252924
dataset\1000\scuffed\1k_b_scuffed_004.png,1000,scuffed,373.1618011552105,12.178761789335816,0.12242175030290864,0.018339723691098556,0.7115232488147594,0.00034285256035429583
dataset\1000\scuffed\1k_b_scuffed_005.png,1000,scuffed,360.3336969705194,11.59416794321891,0.13213255436830526,0.018918382041301137,0.7246537009349378,0.000365214789444499
dataset\1000\scuffed\1k_d_scuffed_001.png,1000,scuffed,437.06910142732613,11.673689896914324,0.18695877185556098,0.027278710971117073,0.8857927494105546,0.0007565271599436007
dataset\1000\scuffed\1k_d_scuffed_002.png,1000,scuffed,423.9220380382445,11.594321775278452,0.1752526984124441,0.026919356562476588,0.8865748584497807,0.000747233717743175
dataset\1000\scuffed\1k_d_scuffed_003.png,1000,scuffed,428.81421458993344,11.84893507004485,0.16906568877024492,0.026516839673179336,0.8909442415151573,0.0007174409874844854
dataset\1000\scuffed\1k_d_scuffed_004.png,1000,scuffed,501.48631555470456,13.075741226330791,0.15329739146374438,0.022725245942291264,0.8649803391858392,0.000535236896792795
dataset\1000\scuffed\1k_d_scuffed_005.png,1000,scuffed,427.4192316206416,11.769740289191358,0.16448611419769416,0.024743888992024645,0.8861131146811512,0.0006318615391964649
dataset\1000\scuffed-dirty\1k_b_scuffed-dirty_001.png,1000,scuffed-dirty,226.20466306528897,9.126363793372693,0.1481140556807362,0.025823632856519403,0.7432638535517074,0.0006734735377832662
dataset\1000\scuffed-dirty\1k_b_scuffed-dirty_002.png,1000,scuffed-dirty,166.9388452308033,7.480847495554622,0.18995872419241974,0.026700083771472725,0.796579997221554,0.0007182182979563604
dataset\1000\scuffed-dirty\1k_b_scuffed-dirty_003.png,1000,scuffed-dirty,284.7620319258267,10.375288095323915,0.13136527028536435,0.020679078072200215,0.72030277457754,0.00043149147589438005
dataset\1000\scuffed-dirty\1k_b_scuffed-dirty_004.png,1000,scuffed-dirty,305.2849327181907,11.0692376429738,0.12098766191318411,0.019835753887252824,0.7287833444059636,0.00039678932660214055
dataset\1000\scuffed-dirty\1k_b_scuffed-dirty_005.png,1000,scuffed-dirty,293.8642030859563,11.213840815431517,0.11293000252872115,0.020225366889501457,0.7042758201095094,0.00041235327767121015
dataset\1000\scuffed-dirty\1k_d_scuffed-dirty_001.png,1000,scuffed-dirty,254.30030401468457,9.672538131367626,0.1372413564203002,0.018997163249152415,0.8768959164783715,0.00036677902231056357
dataset\1000\scuffed-dirty\1k_d_scuffed-dirty_002.png,1000,scuffed-dirty,326.7827662737901,11.20293757208753,0.11778017707459709,0.017483630823813524,0.8744577084595734,0.00030864663918258803
dataset\1000\scuffed-dirty\1k_d_scuffed-dirty_003.png,1000,scuffed-dirty,387.9112852178182,11.203606380358202,0.1320858566680331,0.01671396889097246,0.8943827204441935,0.0002826281029822646
dataset\1000\scuffed-dirty\1k_d_scuffed-dirty_004.png,1000,scuffed-dirty,244.97238034950593,8.297802633001648,0.1989341018449167,0.024455456555740062,0.8920942510386621,0.0006034214286021026
dataset\1000\scuffed-dirty\1k_d_scuffed-dirty_005.png,1000,scuffed-dirty,256.02038167411627,9.08438680435399,0.16597726401653953,0.021228189796922637,0.8842290617568507,0.00045743751796260634
dataset\1000\torn\1k_b_torn_001.png,1000,torn,351.51398551639306,10.70573364210874,0.1797753372013985,0.043294478626697525,0.7473503479732639,0.0018758519657833918
dataset\1000\torn\1k_b_torn_002.png,1000,torn,338.8329642445264,10.61478382713377,0.1507480899048013,0.02572313900569653,0.6826127278494915,0.0006638157673927252
dataset\1000\torn\1k_b_torn_003.png,1000,torn,338.74653429570964,10.373667639850028,0.204128659180367,0.07119016042616538,0.7715956545074066,0.005068735079227551
dataset\1000\torn\1k_b_torn_004.png,1000,torn,344.01823873330534,11.040023173178525,0.1464039113457906,0.025741064913045675,0.7111303282402275,0.0006639751001678408
dataset\1000\torn\1k_b_torn_005.png,1000,torn,367.25700127355566,11.16604109597268,0.14304672632158383,0.024888958260315296,0.6664860599571676,0.0006214335291244606
dataset\1000\torn\1k_d_torn_001.png,1000,torn,418.0500554774493,9.841237865243757,0.3225995002223028,0.11575113971062828,0.9083008198129662,0.013413063035464017
dataset\1000\torn\1k_d_torn_002.png,1000,torn,491.6053336456986,11.296506181516314,0.24930250340793733,0.0554484406470524,0.8868918520945018,0.003095591097068578
dataset\1000\torn\1k_d_torn_003.png,1000,torn,469.63592632640007,10.918119172913913,0.2502289980230629,0.05336081338653016,0.8888619434866674,0.002867705172904137
dataset\1000\torn\1k_d_torn_004.png,1000,torn,460.72996216898264,10.468999498389664,0.30154298854248107,0.09066106515572965,0.9019092361454323,0.008238157619942992
dataset\1000\torn\1k_d_torn_005.png,1000,torn,397.91142568362153,10.1377488526044,0.29046018069184365,0.09692294226991065,0.9073276743446574,0.009403292543405127
dataset\10000\dirty\10k_b_dirty_001.png,10000,dirty,709.1983521061592,15.920840031478182,0.12874850269676102,0.016509120748515377,0.7652656496522096,0.00027531604777376585
dataset\10000\dirty\10k_b_dirty_002.png,10000,dirty,634.8563952416184,14.539282652705621,0.13750704580370288,0.0191626959890409,0.7473397489168173,0.0003693914988017411
dataset\10000\dirty\10k_b_dirty_003.png,10000,dirty,651.7465027122942,14.024947000552508,0.14376185700053223,0.020320246607528424,0.7666998239522413,0.00041514298766735043
dataset\10000\dirty\10k_b_dirty_004.png,10000,dirty,894.032840809412,16.78392389645778,0.1274875877555518,0.018091045079766888,0.7502333934805221,0.0003289867795411192
dataset\10000\dirty\10k_b_dirty_005.png,10000,dirty,1126.562441263571,17.738427152417177,0.13076354725832193,0.019132187904863845,0.6532505331834145,0.00036803639793400776
dataset\10000\dirty\10k_d_dirty_001.png,10000,dirty,869.5455221399061,17.16940931672867,0.16819660425599095,0.03241324052624135,0.8435508077984657,0.0010598055998326413
dataset\10000\dirty\10k_d_dirty_002.png,10000,dirty,728.9515488784428,16.530255355512,0.1552704708514001,0.02568012408063955,0.8200971092828173,0.0006666808714699237
dataset\10000\dirty\10k_d_dirty_003.png,10000,dirty,1085.7841353686117,18.424215566128264,0.16216217034971991,0.029768031413528823,0.7496670825493251,0.0008954960276521703
dataset\10000\dirty\10k_d_dirty_004.png,10000,dirty,363.38784986544437,11.155345570213159,0.2240071667680096,0.035509425571308775,0.9335771271041353,0.001268323493963765
dataset\10000\dirty\10k_d_dirty_005.png,10000,dirty,826.2769153240279,18.11160705918326,0.1518161589328212,0.02753882619111057,0.8483205967276052,0.000761661206958689
dataset\10000\normal\10k_b_normal_001.png,10000,normal,562.2186676548695,12.82841399641958,0.15137554437772788,0.02213879767947078,0.7682453767588163,0.0004921240311426055
dataset\10000\normal\10k_b_normal_002.png,10000,normal,555.9551199208249,13.154752814422253,0.13589299619686135,0.019896312366138088,0.7523164506452445,0.00039783243838319117
dataset\10000\normal\10k_b_normal_003.png,10000,normal,541.0355182501946,12.96598525807375,0.13763976826151395,0.020448659702710106,0.7580461383308225,0.00042025642708099116
dataset\10000\normal\10k_b_normal_004.png,10000,normal,565.1060513234077,12.84540649930306,0.15016919822515962,0.020688351536915027,0.7662953258165911,0.0004304619066962156
dataset\10000\normal\10k_b_normal_005.png,10000,normal,585.9511632094666,13.608591271986661,0.12826460364055314,0.019729850755172793,0.7386954961079171,0.0003909214055867142
dataset\10000\normal\10k_d_normal_001.png,10000,normal,629.0580907883979,14.88026804594352,0.17588386624325922,0.03306701549479295,0.8276652523398184,0.0011037556050122607
dataset\10000\normal\10k_d_normal_002.png,10000,normal,623.7926316050351,14.490556051157874,0.17866876103488671,0.03502500621466233,0.8293559729957128,0.0012388222609962074
dataset\10000\normal\10k_d_normal_003.png,10000,normal,609.1281061070308,14.210863550076626,0.17298519661477257,0.02879211082788161,0.8305500532426048,0.000839324051274737
dataset\10000\normal\10k_d_normal_004.png,10000,normal,604.9649710297776,14.320340418949115,0.18138567352669072,0.0330047857421227,0.8298433895783844,0.001101595409013844
dataset\10000\normal\10k_d_normal_005.png,10000,normal,631.0203477478603,14.681357846140493,0.17022982211947926,0.031054095504714167,0.8313651575911717,0.0009752033611324944
dataset\10000\scuffed\10k_b_scuffed_001.png,10000,scuffed,568.5647476481422,14.337744542363426,0.11788670687535252,0.01523214604963094,0.7655653285192754,0.00023751159967010265
dataset\10000\scuffed\10k_b_scuffed_002.png,10000,scuffed,580.0180752294797,14.202598429690376,0.12078954659942379,0.01554257049400008,0.7685441078711026,0.0002487580838845827
dataset\10000\scuffed\10k_b_scuffed_003.png,10000,scuffed,507.54009278282547,13.249493163686939,0.12490213975033476,0.016060215380052447,0.7758750132118494,0.00026292963830578194
dataset\10000\scuffed\10k_b_scuffed_004.png,10000,scuffed,570.9362143616631,14.05431446138499,0.11996277702151892,0.01619878742122363,0.7583618835181484,0.00026803088437668706
dataset\10000\scuffed\10k_b_scuffed_005.png,10000,scuffed,563.2926908520747,14.273863688244809,0.1121286559024948,0.014980870130035165,0.7721148721317321,0.00023078065122303615
dataset\10000\scuffed\10k_d_scuffed_001.png,10000,scuffed,580.0731135410613,14.8739548340779,0.13915588611595986,0.022963095638483793,0.8379845025446084,0.0005373769383201673
dataset\10000\scuffed\10k_d_scuffed_002.png,10000,scuffed,581.812617217536,14.824520031357967,0.13178504320437276,0.019990177068420857,0.8258091521821649,0.00041434774657419615
dataset\10000\scuffed\10k_d_scuffed_003.png,10000,scuffed,538.6677049842615,14.034701301782718,0.1458334850150131,0.02210946035818227,0.8439128033771255,0.0005023097412095725
dataset\10000\scuffed\10k_d_scuffed_004.png,10000,scuffed,584.943757644292,14.984868815479377,0.13456032580649224,0.021204961141663186,0.8299108428297087,0.00046065336705111167
dataset\10000\scuffed\10k_d_scuffed_005.png,10000,scuffed,567.4434404435799,14.745876886293473,0.12414001866804839,0.016251864112635264,0.8325747486443776,0.0002740688766171513
dataset\10000\scuffed-dirty\10k_b_scuffed-dirty_001.png,10000,scuffed-dirty,493.0751464430797,13.022084609885564,0.11786735210836144,0.01656426480400516,0.7473333399144528,0.00027815135727934145
dataset\10000\scuffed-dirty\10k_b_scuffed-dirty_002.png,10000,scuffed-dirty,485.9084230524352,12.877690281382073,0.11774964874589203,0.018122158056014102,0.7310638413934964,0.000332947873700176
dataset\10000\scuffed-dirty\10k_b_scuffed-dirty_003.png,10000,scuffed-dirty,601.4698501778196,14.678015276576199,0.103564235698627,0.015960707941371246,0.7170295066212504,0.00025803735516408783
dataset\10000\scuffed-dirty\10k_b_scuffed-dirty_004.png,10000,scuffed-dirty,451.7008294736438,12.78886400362839,0.11419622484927308,0.0171509009421674,0.7367151617660918,0.0002995741842747474
dataset\10000\scuffed-dirty\10k_b_scuffed-dirty_005.png,10000,scuffed-dirty,428.126317191709,11.859169309880778,0.1316532962788992,0.018399044817510837,0.7592974293192646,0.00034521628654531116
dataset\10000\scuffed-dirty\10k_d_scuffed-dirty_001.png,10000,scuffed-dirty,537.2189623281942,13.558361447519928,0.14719404033684116,0.019995689152619803,0.8252197335280727,0.0004056545674210714
dataset\10000\scuffed-dirty\10k_d_scuffed-dirty_002.png,10000,scuffed-dirty,459.33596971417757,13.015230305050707,0.1264217611396609,0.015203402704248886,0.8446209228380809,0.0002346596938083443
dataset\10000\scuffed-dirty\10k_d_scuffed-dirty_003.png,10000,scuffed-dirty,459.6249208237256,13.156458273260222,0.11050361417063924,0.014890421075895964,0.8266032436497709,0.00022454805270691843
dataset\10000\scuffed-dirty\10k_d_scuffed-dirty_004.png,10000,scuffed-dirty,493.566388032849,13.11487389165222,0.12573906510543487,0.014718765390081021,0.8456349562975491,0.00022055843421226143
dataset\10000\scuffed-dirty\10k_d_scuffed-dirty_005.png,10000,scuffed-dirty,619.4998832029704,15.400385563845461,0.0964646056008546,0.012990447829224682,0.8168860852229728,0.0001712120275977311
dataset\10000\torn\10k_b_torn_001.png,10000,torn,565.4262426110158,12.752537605728525,0.1825662495850202,0.03946091582231477,0.7782428272650684,0.0015643072083709195
dataset\10000\torn\10k_b_torn_002.png,10000,torn,558.3723962838837,12.563934784698123,0.19289638171628173,0.04743863494894049,0.7829281143062367,0.0022546781875917065
dataset\10000\torn\10k_b_torn_003.png,10000,torn,434.26422315035376,11.151536743680232,0.232766730441668,0.1025530029522359,0.8284792362739353,0.010519219236520053
dataset\10000\torn\10k_b_torn_004.png,10000,torn,539.2162576442997,12.586863090518012,0.16160350119561082,0.022270485850027062,0.7639602444344528,0.0004997267114825479
dataset\10000\torn\10k_b_torn_005.png,10000,torn,537.7089040122779,12.197108398812908,0.2168627970590016,0.08571618549840186,0.8074915951267302,0.007349106108330457
dataset\10000\torn\10k_d_torn_001.png,10000,torn,607.1055620134092,14.292673581074242,0.2140889968945906,0.054451372511095615,0.8319773246555618,0.0029688771876885964
dataset\10000\torn\10k_d_torn_002.png,10000,torn,484.1900423514959,11.74970386990542,0.31419035958570807,0.1524622532157925,0.8751479135338533,0.023249161991573612
dataset\10000\torn\10k_d_torn_003.png,10000,torn,448.26472555628027,12.056682616060776,0.2673355097780566,0.1049665054872412,0.8697942689402021,0.011019372457192401
dataset\10000\torn\10k_d_torn_004.png,10000,torn,588.1484257407025,13.63995751333588,0.23851127453013393,0.07370067874698093,0.8482760700198543,0.0054431367920298014
dataset\10000\torn\10k_d_torn_005.png,10000,torn,529.686542480659,12.605590232722722,0.27902620703014014,0.15194300837441888,0.8705097291081382,0.02308890234959947
dataset\100000\dirty\100k_b_dirty_001.png,100000,dirty,542.9323648656792,13.303868854527002,0.14047711264923113,0.018521405822503383,0.7801004593540881,0.00034485925036454896
dataset\100000\dirty\100k_b_dirty_002.png,100000,dirty,541.4595960538063,13.172358873389996,0.1454300133355968,0.019278062931125408,0.7797645593424789,0.0003736273834195181
dataset\100000\dirty\100k_b_dirty_003.png,100000,dirty,530.8297037347456,13.250925860846722,0.13237178187052373,0.018200761742600154,0.7622303626045528,0.0003336313835173763
dataset\100000\dirty\100k_b_dirty_009.png,100000,dirty,588.1830134894088,13.34590297301519,0.14101616584452378,0.01919588641339992,0.7686182197013285,0.000371702926521357
dataset\100000\dirty\100k_b_dirty_010.png,100000,dirty,547.6822018724821,13.75245036464332,0.12295706433137768,0.017775586509386165,0.7413746526677661,0.0003191349408700618
dataset\100000\dirty\100k_d_dirty_001.png,100000,dirty,530.5507256523905,13.07835438893658,0.18335936030521732,0.042641888219008314,0.8812543677534252,0.001826208991605128
dataset\100000\dirty\100k_d_dirty_002.png,100000,dirty,478.1130412882036,12.941266339868843,0.16061339186270718,0.025231691320257932,0.8732400766456334,0.0006415045595530807
dataset\100000\dirty\100k_d_dirty_003.png,100000,dirty,526.5010623618398,13.4229280204726,0.16325002750331538,0.02520189337621041,0.8672670657763955,0.0006442743421826406
dataset\100000\dirty\100k_d_dirty_004.png,100000,dirty,397.6497709414675,11.875899744088503,0.1771888066350363,0.029003852672660077,0.894880335426324,0.0008514849482382514
dataset\100000\dirty\100k_d_dirty_005.png,100000,dirty,497.36846654532474,13.45075319588597,0.14465340259514334,0.021606099251851994,0.8680108403466115,0.00047735920734908404
dataset\100000\normal\100k_b_normal_001.png,100000,normal,487.3004066494889,12.623086117719097,0.14002256869326538,0.018991631589391187,0.7661476869298149,0.0003628230160538252
dataset\100000\normal\100k_b_normal_002.png,100000,normal,536.659803921576,13.217705750192144,0.14351922859378552,0.018919428954026478,0.7569698559842368,0.0003598684806786849
dataset\100000\normal\100k_b_normal_003.png,100000,normal,496.07785292916753,12.92402125985194,0.13561289364950566,0.018519019718063648,0.760657872867421,0.00034519538043124924
dataset\100000\normal\100k_b_normal_004.png,100000,normal,537.707580047343,13.269692576172577,0.13357250446496668,0.018562682784843763,0.7592006805698528,0.00034667446623195885
dataset\100000\normal\100k_b_normal_005.png,100000,normal,565.6495644854198,13.739883653522632,0.13442110173997435,0.01857630605048089,0.7538386887774094,0.00034750188983914687
dataset\100000\normal\100k_d_normal_001.png,100000,normal,505.15367041823527,13.272705224552745,0.15815668845303765,0.02808019304420656,0.8708214136801807,0.0007939964473772838
dataset\100000\normal\100k_d_normal_002.png,100000,normal,535.8518335646124,13.4368282181127,0.1803465227129244,0.03702342289421513,0.8643837045161926,0.001377628211533854
dataset\100000\normal\100k_d_normal_003.png,100000,normal,529.0052738580123,13.482131797265204,0.16299096728163068,0.02510763220380028,0.8724027631133634,0.000638285135232409
dataset\100000\normal\100k_d_normal_004.png,100000,normal,547.0460439944973,13.551839631992152,0.18034801978985124,0.03808359795455171,0.8679505221039756,0.001462351645256209
dataset\100000\normal\100k_d_normal_005.png,100000,normal,545.7996671051991,13.585719554978374,0.17345476453957653,0.03445452606199595,0.8669756620394202,0.0011987386641507747
dataset\100000\scuffed\100k_b_scuffed_001.png,100000,scuffed,425.1157683493151,12.514074619737478,0.13055146485129007,0.015325783662863275,0.8175546605809234,0.0002382770892063603
dataset\100000\scuffed\100k_b_scuffed_002.png,100000,scuffed,432.6918596963943,12.495459603878171,0.135482160415981,0.016199774788602093,0.8138455026218224,0.0002660432324411333
dataset\100000\scuffed\100k_b_scuffed_003.png,100000,scuffed,452.17889518154436,12.989257452061583,0.12462693098187183,0.015681628734822935,0.7881851166036676,0.0002519784264476175
dataset\100000\scuffed\100k_b_scuffed_004.png,100000,scuffed,516.3831449292377,13.657185172169282,0.12378966770321825,0.015369197352158323,0.7666464633937419,0.00024449730837150773
dataset\100000\scuffed\100k_b_scuffed_005.png,100000,scuffed,453.79489936262905,12.58926291870907,0.13391069639629516,0.01688256023589136,0.7580879852949128,0.0002937259632192032
dataset\100000\scuffed\100k_d_scuffed_001.png,100000,scuffed,424.9289400711283,12.252560493560022,0.1604280421154558,0.026216588632594504,0.8845811485867497,0.0006993051833383397
dataset\100000\scuffed\100k_d_scuffed_002.png,100000,scuffed,442.3814870182106,12.724948427287293,0.14965692948308285,0.022260061138698172,0.8831466670731465,0.0005038308669342612
dataset\100000\scuffed\100k_d_scuffed_003.png,100000,scuffed,463.87221475815045,12.94674432610044,0.14685429201273248,0.018812783938514637,0.8734248491041616,0.0003659740243762594
dataset\100000\scuffed\100k_d_scuffed_004.png,100000,scuffed,488.95657239703587,13.316945630886913,0.140558585146724,0.017962280956536507,0.8560858769661145,0.0003372122727082357
dataset\100000\scuffed\100k_d_scuffed_005.png,100000,scuffed,490.3241538560852,13.349209123293555,0.14075651754143764,0.01797557778559852,0.855833607628185,0.0003379729510280253
dataset\100000\scuffed-dirty\100k_b_scuffed-dirty_001.png,100000,scuffed-dirty,330.2394068537369,11.188520295679503,0.13067549094375705,0.02165592653699816,0.7297362882413636,0.000473754980854249
dataset\100000\scuffed-dirty\100k_b_scuffed-dirty_002.png,100000,scuffed-dirty,358.6350215211741,11.157024476763667,0.1386111828363089,0.018134153382459012,0.799585408864737,0.0003319009379790088
dataset\100000\scuffed-dirty\100k_b_scuffed-dirty_003.png,100000,scuffed-dirty,357.16675902898385,11.650858233611963,0.12381423857926002,0.019863760292213015,0.7300092162916105,0.00039912494186483184
dataset\100000\scuffed-dirty\100k_b_scuffed-dirty_004.png,100000,scuffed-dirty,359.17585850394374,11.249592103998383,0.13833170197025169,0.020533208405158744,0.7516681849251082,0.00042792484551335447
dataset\100000\scuffed-dirty\100k_b_scuffed-dirty_005.png,100000,scuffed-dirty,334.7887589058331,10.727237105320025,0.1454609424515197,0.022285800397362138,0.723905619308989,0.0005052299451159939
dataset\100000\scuffed-dirty\100k_d_scuffed-dirty_001.png,100000,scuffed-dirty,322.858391318846,11.402707657511371,0.12213123403213322,0.016861626978040486,0.8491014288547538,0.0002869903467106551
dataset\100000\scuffed-dirty\100k_d_scuffed-dirty_002.png,100000,scuffed-dirty,291.4194468774046,10.789236081074478,0.12619620904429785,0.019408847028859047,0.8290586585202775,0.00038027248561622575
dataset\100000\scuffed-dirty\100k_d_scuffed-dirty_003.png,100000,scuffed-dirty,304.69397323145245,10.33966785611294,0.14299509010230582,0.01906097916114327,0.8568796953524189,0.00036757276611416694
dataset\100000\scuffed-dirty\100k_d_scuffed-dirty_004.png,100000,scuffed-dirty,320.4417186298565,10.74366331459041,0.140238582088058,0.018650171321878954,0.8554339428638269,0.00035276913920414383
dataset\100000\scuffed-dirty\100k_d_scuffed-dirty_005.png,100000,scuffed-dirty,347.31878816140886,11.14561438208848,0.13492840256875469,0.015876948108806112,0.8642355072546395,0.00025701841327472317
dataset\100000\torn\100k_b_torn_001.png,100000,torn,528.3223224541061,12.61710760284491,0.19157008887726276,0.061402910234771735,0.7935412875436699,0.0037738628796486423
dataset\100000\torn\100k_b_torn_002.png,100000,torn,456.95709063221244,11.880426338427439,0.20830886897493114,0.08523753195347442,0.8257734427497645,0.007268630181215379
dataset\100000\torn\100k_b_torn_003.png,100000,torn,431.9493909493997,11.5456174307958,0.2330934716500207,0.12061739588846884,0.8324836108202067,0.014550078243853253
dataset\100000\torn\100k_b_torn_004.png,100000,torn,504.88227505647535,12.340454843089162,0.17541703478634385,0.040200213143518966,0.7788922438365694,0.0016169557585233108
dataset\100000\torn\100k_b_torn_005.png,100000,torn,548.2845010032256,13.341454278402455,0.16430786489406873,0.05134137177451062,0.7762243665727189,0.0026395155712887327
dataset\100000\torn\100k_d_torn_001.png,100000,torn,435.533885014185,12.017305903978958,0.24357467367802788,0.09835175525095208,0.8961205102666999,0.00967430480596668
dataset\100000\torn\100k_d_torn_002.png,100000,torn,464.7847580257567,11.983349072471693,0.22689113693149343,0.0751916158856937,0.8885989109965932,0.005655960838830289
dataset\100000\torn\100k_d_torn_003.png,100000,torn,473.8311900320808,12.337865469410517,0.20934379935172331,0.051560038149607426,0.8871194854609842,0.0026676034295823304
dataset\100000\torn\100k_d_torn_004.png,100000,torn,487.67074950139664,11.86909800317162,0.27344842519091556,0.12293344185064253,0.894728842698778,0.015114587142562759
dataset\100000\torn\100k_d_torn_005.png,100000,torn,522.2603897389299,13.325200779147107,0.1854792447670727,0.03987076044088568,0.8730404858461274,0.0015962952927945167
dataset\2000\dirty\5k_b_dirty_001.png,2000,dirty,712.5485886888418,15.350621020159913,0.1688470943549948,0.031071552738102765,0.8309199297400572,0.0009759305593960081
dataset\2000\dirty\5k_b_dirty_002.png,2000,dirty,802.9127789642076,16.70010535310864,0.16384399839080194,0.026605085062615056,0.8604833627096083,0.0007176471885304548
dataset\2000\dirty\5k_b_dirty_003.png,2000,dirty,1005.5289440359211,16.65415032679647,0.17683798911691379,0.03019730030406515,0.8234786596530135,0.0009197957533271497
dataset\2000\dirty\5k_b_dirty_004.png,2000,dirty,463.29969244101886,12.938333798899333,0.1596223350924026,0.019387975882138177,0.835565400122011,0.00038316388355810846
dataset\2000\dirty\5k_b_dirty_005.png,2000,dirty,650.6422752216631,14.073636146553637,0.18970611966955048,0.03229680606781501,0.8665739555516874,0.0010530114555560948
dataset\2000\dirty\5k_d_dirty_001.png,2000,dirty,538.7060056078299,14.420917510693037,0.10839421421403966,0.01824841798500619,0.6459324669477147,0.00033467462691798234
dataset\2000\dirty\5k_d_dirty_002.png,2000,dirty,583.1744300269156,14.783977646818338,0.11297625347429745,0.017406948000358212,0.8131658640991047,0.00030389287545052305
dataset\2000\dirty\5k_d_dirty_003.png,2000,dirty,546.1207282055072,14.93095819516536,0.10622058537080907,0.017390814227940164,0.6579200548578228,0.0003032884568084715
dataset\2000\dirty\5k_d_dirty_004.png,2000,dirty,920.312302239523,18.16755667892151,0.09715701946920069,0.015748057527273953,0.6725341223613656,0.00024887662197784226
dataset\2000\dirty\5k_d_dirty_005.png,2000,dirty,662.339030661283,15.94158646914622,0.10475754860455735,0.017936744856515096,0.7627002960502465,0.00032238487973251995
dataset\2000\normal\5k_b_normal_001.png,2000,normal,671.513103824257,15.776296316320764,0.10445762696423692,0.018179728101328042,0.6723748789190324,0.0003313696687000862
dataset\2000\normal\5k_b_normal_002.png,2000,normal,601.1943927666132,14.801808003532322,0.11088373007059607,0.019023884719091826,0.6781112881225968,0.0003628812705359353
dataset\2000\normal\5k_b_normal_003.png,2000,normal,551.7267649461828,14.51375213259318,0.10612440225274578,0.01740235491716046,0.6824437421180215,0.0003038816280050719
dataset\2000\normal\5k_b_normal_004.png,2000,normal,558.2881599775412,14.51584064722699,0.10473782881053252,0.01781475171310279,0.6595966305952701,0.0003183797323607072
dataset\2000\normal\5k_b_normal_005.png,2000,normal,647.1603279838348,15.431680738778343,0.10502014917007017,0.018593089809847422,0.669987540453211,0.00034639283283482096
dataset\2000\normal\5k_d_normal_001.png,2000,normal,560.493321814329,12.990564821823083,0.18437312262690472,0.031043341000825012,0.8609608878028666,0.0009741959123335868
dataset\2000\normal\5k_d_normal_002.png,2000,normal,541.8798121065221,12.636143926013766,0.17862152323666391,0.026817409832808427,0.8546604813324943,0.0007282401486925308
dataset\2000\normal\5k_d_normal_003.png,2000,normal,545.791336955735,12.774569937043177,0.17938408241083,0.027219630328520296,0.8593554905353851,0.00075039147801429
dataset\2000\normal\5k_d_normal_004.png,2000,normal,567.5171284331716,13.207940140210187,0.17439016223489937,0.030926343031389684,0.8553108024021673,0.0009674733810927126
dataset\2000\normal\5k_d_normal_005.png,2000,normal,544.737712238083,12.881498642348824,0.1764722835313,0.02848669191409152,0.860734578309191,0.0008230205044241802
dataset\2000\scuffed\5k_b_scuffed_001.png,2000,scuffed,586.2489785028685,15.117600096717531,0.10220093671370906,0.015969313866108177,0.6847756994086679,0.00025714885882747773
dataset\2000\scuffed\5k_b_scuffed_002.png,2000,scuffed,553.6227075974462,14.810685508578391,0.10240943887195775,0.015554102913329594,0.6973439268931918,0.0002450127744114724
dataset\2000\scuffed\5k_b_scuffed_003.png,2000,scuffed,538.259448439308,14.232588517637357,0.1124094773411543,0.016995608926117647,0.7020340130831298,0.00029061896454129544
dataset\2000\scuffed\5k_b_scuffed_004.png,2000,scuffed,550.6415516868584,14.313376796184087,0.109701708174967,0.017213846261313972,0.6708529963829198,0.00029833337549317054
dataset\2000\scuffed\5k_b_scuffed_005.png,2000,scuffed,559.100789149612,14.528420469290612,0.10800428431030176,0.016854097935911912,0.6796206256523978,0.0002863678586273355
dataset\2000\scuffed\5k_d_scuffed_001.png,2000,scuffed,491.22897329151954,13.063122176566564,0.1662113214612613,0.030505434821476822,0.8622490388794042,0.0009424400433162823
dataset\2000\scuffed\5k_d_scuffed_002.png,2000,scuffed,511.64356326292307,13.617295180939788,0.1439607165597206,0.022447743637127652,0.8419290899138477,0.000519085579761583
dataset\2000\scuffed\5k_d_scuffed_003.png,2000,scuffed,493.58004371816037,12.742676269343361,0.17042852292176397,0.02700051124166827,0.8589353843649967,0.0007422902217247087
dataset\2000\scuffed\5k_d_scuffed_004.png,2000,scuffed,516.3251756385732,12.889557697159567,0.16718418887344338,0.026941949923037306,0.8587207187883914,0.0007418387653693004
dataset\2000\scuffed\5k_d_scuffed_005.png,2000,scuffed,493.9891076599147,12.772080224552932,0.15877803732177695,0.023653795394095775,0.8547899283939174,0.0005742502405876625
dataset\2000\scuffed-dirty\5k_b_scuffed-dirty_001.png,2000,scuffed-dirty,391.11827323025574,12.015658490724709,0.12176132444453527,0.019662882205373197,0.6975652633379577,0.00038991654777095297
dataset\2000\scuffed-dirty\5k_b_scuffed-dirty_002.png,2000,scuffed-dirty,447.7694095570247,13.339003493247604,0.11256013007968474,0.01710368701759105,0.7305561402194611,0.000294992258109653
dataset\2000\scuffed-dirty\5k_b_scuffed-dirty_003.png,2000,scuffed-dirty,311.756053305823,9.976991106185068,0.15400987747326145,0.026168670641637942,0.6958298334535031,0.0006930273647448558
dataset\2000\scuffed-dirty\5k_b_scuffed-dirty_004.png,2000,scuffed-dirty,396.94122598580486,12.314078614595271,0.12354424278762813,0.021271679173173054,0.6681886342339356,0.0004558385468593233
dataset\2000\scuffed-dirty\5k_b_scuffed-dirty_005.png,2000,scuffed-dirty,499.7485262429132,13.103963634779777,0.12613628037466842,0.020594362504877353,0.7205179392136835,0.0004284916641161719
dataset\2000\scuffed-dirty\5k_d_scuffed-dirty_001.png,2000,scuffed-dirty,343.0061991481635,10.550954350490077,0.14492970838374825,0.021172203025576358,0.8343219426326621,0.0004534944996422708
dataset\2000\scuffed-dirty\5k_d_scuffed-dirty_002.png,2000,scuffed-dirty,305.9228712063893,9.566830651071584,0.19703312143365148,0.022031923614725096,0.8689071514776067,0.0004935873571494398
dataset\2000\scuffed-dirty\5k_d_scuffed-dirty_003.png,2000,scuffed-dirty,279.0666320045184,9.383923100490147,0.1615237644408063,0.023539089196461863,0.8392166826190132,0.0005613694654092582
dataset\2000\scuffed-dirty\5k_d_scuffed-dirty_004.png,2000,scuffed-dirty,260.34222010465027,9.566881562980516,0.1620584986520986,0.02105625353860022,0.8513180949390451,0.00044878730819999994
dataset\2000\scuffed-dirty\5k_d_scuffed-dirty_005.png,2000,scuffed-dirty,370.6216650146579,11.792680099000156,0.1326120592045959,0.017150794447538496,0.8485993329236676,0.0002980256954786708
dataset\2000\torn\5k_b_torn_001.png,2000,torn,626.7523353848378,14.635928594170466,0.15684311164740894,0.062056642532934574,0.7110904393952475,0.0038519944202158834
dataset\2000\torn\5k_b_torn_002.png,2000,torn,543.5051194402492,13.44056722474522,0.19950545693431387,0.10266821066504557,0.7667925667636444,0.010543702389543077
dataset\2000\torn\5k_b_torn_003.png,2000,torn,603.5954636137627,14.51373176782963,0.1583887661153012,0.061606678094077647,0.7323527571751415,0.0038004000043629577
dataset\2000\torn\5k_b_torn_004.png,2000,torn,626.7994308078687,15.219574863033397,0.12186512004383468,0.027243039829444197,0.6894046927997228,0.0007443750695555707
dataset\2000\torn\5k_b_torn_005.png,2000,torn,682.7708365923024,15.946246590854496,0.11788966175491122,0.027024279476131008,0.6762419658585046,0.0007318296447747188
dataset\2000\torn\5k_d_torn_001.png,2000,torn,548.8674454086138,12.43661351703647,0.23548613692352624,0.0639710778830684,0.8684946767391737,0.004101356986987107
dataset\2000\torn\5k_d_torn_002.png,2000,torn,556.071022563436,12.870544622260375,0.1899570824817434,0.03310410561153552,0.8571874871247412,0.0011067066842103987
dataset\2000\torn\5k_d_torn_003.png,2000,torn,545.0912613688236,12.721004075956074,0.18284668081425762,0.029660239455905173,0.8615407209467131,0.0008879567256878054
dataset\2000\torn\5k_d_torn_004.png,2000,torn,448.49364234909774,11.516331699346184,0.26681903428874754,0.11797841917800941,0.8933987514815931,0.013922546348688277
dataset\2000\torn\5k_d_torn_005.png,2000,torn,541.4056844272593,12.500581161692214,0.22894594230621712,0.05983064083597154,0.8686872781724424,0.00358279990270143
dataset\20000\dirty\20k_b_dirty_001.png,20000,dirty,970.9375875714711,17.224111354406705,0.13489560706021717,0.02143678330391212,0.7096625414131416,0.0004621303560659887
dataset\20000\dirty\20k_b_dirty_002.png,20000,dirty,847.6514419033476,15.734839665032656,0.1439356991551271,0.02247861705634349,0.7365452013310587,0.0005081378660594731
dataset\20000\dirty\20k_b_dirty_003.png,20000,dirty,484.4032548929564,13.29113791870919,0.14543896304462206,0.017909564195868543,0.7634629929143792,0.0003245363124936844
dataset\20000\dirty\20k_b_dirty_004.png,20000,dirty,1365.09771398016,21.498705876344708,0.11825083745230927,0.01819131221392891,0.7102039754454125,0.0003324596802939708
dataset\20000\dirty\20k_b_dirty_005.png,20000,dirty,757.7550023878833,15.655955597005455,0.21201748448307173,0.08782026855828493,0.8697340677710721,0.007735592460638005
dataset\20000\dirty\20k_d_dirty_001.png,20000,dirty,455.6731913657028,11.664175061875099,0.22127283133721606,0.06488283513864891,0.8448393100652936,0.004227629253631986
dataset\20000\dirty\20k_d_dirty_002.png,20000,dirty,921.153724138487,15.471685259273992,0.27223621449520274,0.09321774354484402,0.920825478350737,0.008717706907693846
dataset\20000\dirty\20k_d_dirty_003.png,20000,dirty,879.6686516303605,16.04870362360544,0.2066246985484894,0.06706942366281932,0.8178493717230022,0.004517545335697742
dataset\20000\dirty\20k_d_dirty_004.png,20000,dirty,422.0247641081821,11.854543880358715,0.21923930995386792,0.04081224326983663,0.922614413286198,0.0016783164603219713
dataset\20000\dirty\20k_d_dirty_005.png,20000,dirty,1251.6582988964178,19.022927284577026,0.19437976529235163,0.06461607083822316,0.79296585324216,0.004189147014092792
dataset\20000\normal\20k_b_normal_001.png,20000,normal,513.5055910587275,12.997292898164012,0.1533570753087563,0.02369100066904668,0.7743978770095891,0.0005634116504074847
dataset\20000\normal\20k_b_normal_002.png,20000,normal,482.40942040020747,12.632644310481375,0.15354110989866596,0.023327649986987886,0.7756074411516648,0.0005462489135085358
dataset\20000\normal\20k_b_normal_003.png,20000,normal,469.1884288645019,12.445231776840542,0.15439778785226416,0.024533121438563864,0.7799100053636783,0.0006035423113383827
dataset\20000\normal\20k_b_normal_004.png,20000,normal,483.23005067161876,12.73126778162234,0.15291345323819616,0.024117078786091047,0.7802056245895773,0.0005834788193111246
dataset\20000\normal\20k_b_normal_005.png,20000,normal,462.1839996786108,12.3337019866156,0.1523758581447951,0.02287432506054486,0.781963107570851,0.000525026078501774
dataset\20000\normal\20k_d_normal_001.png,20000,normal,476.8442215734306,12.350209835159038,0.23270687775468876,0.0810140889519424,0.8633096584514006,0.006587482256437092
dataset\20000\normal\20k_d_normal_002.png,20000,normal,460.5745242514872,12.185403090157052,0.2317036842486907,0.07655532526027517,0.8689949168474728,0.005884961267007425
dataset\20000\normal\20k_d_normal_003.png,20000,normal,472.3641751820203,12.421792654867794,0.2330025141907896,0.0837133881180428,0.860164771863584,0.007027804118873583
dataset\20000\normal\20k_d_normal_004.png,20000,normal,433.5713183330895,11.554645418828954,0.24206943714498108,0.08863915865486446,0.8734200647790517,0.007884222300123362
dataset\20000\normal\20k_d_normal_005.png,20000,normal,422.29757184736957,11.844311142348833,0.22462843350684897,0.07013239483490165,0.872583196944432,0.004942218561920762
dataset\20000\scuffed\20k_b_scuffed_001.png,20000,scuffed,516.3244934490313,13.772903405540923,0.13293645305175367,0.01828048511663621,0.7850012791610932,0.0003394583956567959
dataset\20000\scuffed\20k_b_scuffed_002.png,20000,scuffed,463.47992935409604,13.090247861399282,0.13615736942982937,0.018158674443152206,0.7860536835535321,0.0003363923814252676
dataset\20000\scuffed\20k_b_scuffed_003.png,20000,scuffed,459.4333599156588,13.039255064157821,0.12929825513349966,0.017578481563110444,0.779899551016471,0.00031440795900007537
dataset\20000\scuffed\20k_b_scuffed_004.png,20000,scuffed,507.1497656700549,13.930142958837765,0.12155697163267447,0.016356513022816894,0.7846751769553864,0.0002740252269624312
dataset\20000\scuffed\20k_b_scuffed_005.png,20000,scuffed,481.3240600670447,13.365212328190905,0.12512054392788544,0.016524691833994305,0.7839308593726546,0.0002791574871797346
dataset\20000\scuffed\20k_d_scuffed_001.png,20000,scuffed,448.86296486026754,12.477782148091636,0.1943810626030201,0.048785557726717804,0.8592943669166367,0.002405861277087655
dataset\20000\scuffed\20k_d_scuffed_002.png,20000,scuffed,410.704744118848,11.829694168108222,0.18991133570121727,0.04229390030337414,0.8658039356412102,0.0018315596446462153
dataset\20000\scuffed\20k_d_scuffed_003.png,20000,scuffed,417.1934500853037,11.916987486783757,0.18180246348694637,0.03890818224179287,0.8731996637469467,0.001544837624852325
dataset\20000\scuffed\20k_d_scuffed_004.png,20000,scuffed,442.0258418637062,12.663110011774112,0.16621792933256604,0.034240000946041335,0.8648983888178181,0.0012001015845756375
dataset\20000\scuffed\20k_d_scuffed_005.png,20000,scuffed,398.97451468485576,11.844917204320273,0.17670547693776995,0.03625864713928864,0.8701153447831895,0.001347538154541926
dataset\20000\scuffed-dirty\20k_b_scuffed-dirty_001.png,20000,scuffed-dirty,417.4058634749922,12.100056003099724,0.14017834606314752,0.017243833537560642,0.7718107529748233,0.0003029669192844559
dataset\20000\scuffed-dirty\20k_b_scuffed-dirty_002.png,20000,scuffed-dirty,372.1472742304669,12.007939058895516,0.12150772669694831,0.016877003687554237,0.7913824563327053,0.0002906164576064362
dataset\20000\scuffed-dirty\20k_b_scuffed-dirty_003.png,20000,scuffed-dirty,406.892686677003,12.73740529483846,0.11294417102550333,0.016819466378154565,0.7682706146688864,0.0002880546711519294
dataset\20000\scuffed-dirty\20k_b_scuffed-dirty_004.png,20000,scuffed-dirty,469.82981197136087,13.401889477604637,0.11163499647350886,0.016159923110270653,0.7506930511299283,0.0002652791579559408
dataset\20000\scuffed-dirty\20k_b_scuffed-dirty_005.png,20000,scuffed-dirty,465.372081831509,12.471472540609227,0.13664225775507738,0.01621994354778313,0.8340496643710313,0.00026861479500177993
dataset\20000\scuffed-dirty\20k_d_scuffed-dirty_001.png,20000,scuffed-dirty,431.30326614163005,12.766206026528117,0.11563025847492558,0.0151028111481784,0.8305432147760914,0.00023117630745365058
dataset\20000\scuffed-dirty\20k_d_scuffed-dirty_002.png,20000,scuffed-dirty,379.4444359891638,11.005284490940884,0.15259439195628835,0.018918576430414988,0.8519381966002993,0.00036289354179474105
dataset\20000\scuffed-dirty\20k_d_scuffed-dirty_003.png,20000,scuffed-dirty,406.4496717608632,12.523080636053265,0.11003001010293703,0.01441115359196844,0.852436562045316,0.00021107602186540696
dataset\20000\scuffed-dirty\20k_d_scuffed-dirty_004.png,20000,scuffed-dirty,367.19017081771716,11.382150735293974,0.12538953527669353,0.016058949447618882,0.8454881657667696,0.0002614910389734979
dataset\20000\scuffed-dirty\20k_d_scuffed-dirty_005.png,20000,scuffed-dirty,386.7930706038569,11.91565155228747,0.11759613832051419,0.016181854238614353,0.8353664751805472,0.0002653563099154717
dataset\20000\torn\20k_b_torn_001.png,20000,torn,585.4953212105931,13.356946997548931,0.1835334096573995,0.05005740508344554,0.7652727733999831,0.002508293649142174
dataset\20000\torn\20k_b_torn_002.png,20000,torn,509.4796065365516,12.277615715710226,0.24030797163021095,0.1158952884116185,0.8103899337458356,0.013432328726130816
dataset\20000\torn\20k_b_torn_003.png,20000,torn,623.8712351619579,14.352968509707697,0.15747969548109614,0.03494541857488187,0.7532690779663266,0.0012283647558069886
dataset\20000\torn\20k_b_torn_004.png,20000,torn,619.0827647269099,13.932603070333421,0.1802484132872533,0.05922647810272712,0.7557862295297054,0.003510758026583177
dataset\20000\torn\20k_b_torn_005.png,20000,torn,608.238271833552,13.923743737384557,0.15794857284838848,0.030941928358326938,0.7492157446721339,0.0009597884435670475
dataset\20000\torn\20k_d_torn_001.png,20000,torn,405.43712350718454,10.037361546640566,0.3499065736781919,0.16027469019218452,0.8818926709769772,0.0256961523257679
dataset\20000\torn\20k_d_torn_002.png,20000,torn,499.2143774029174,11.565305111014688,0.31128597396600616,0.12634793115779208,0.8652727158286817,0.015988180561032926
dataset\20000\torn\20k_d_torn_003.png,20000,torn,399.72905760404865,10.912934628508053,0.33172867115783217,0.15732369738776408,0.8913550175023741,0.024758902312460734
dataset\20000\torn\20k_d_torn_004.png,20000,torn,536.9775347222231,12.533173539023197,0.25666737180007343,0.0881447177196784,0.8484947383369593,0.007799739080365943
dataset\20000\torn\20k_d_torn_005.png,20000,torn,526.4188948361202,12.719791516483784,0.2252752554175642,0.07560167265161763,0.8407525764535039,0.00573943301235829
dataset\5000\dirty\5k_b_dirty_001.png,5000,dirty,393.15651026649147,12.218297770088348,0.15217784669250123,0.01866630465102443,0.8310981164113598,0.0003496411780282921
dataset\5000\dirty\5k_b_dirty_002.png,5000,dirty,564.9345458777929,13.37133986928097,0.13962984910822834,0.021073981910252677,0.7745801659628311,0.0004455555712518406
dataset\5000\dirty\5k_b_dirty_003.png,5000,dirty,589.6595484459133,13.966301257328777,0.13813653229728673,0.020504032027989682,0.7514080611644867,0.00042174356203383465
dataset\5000\dirty\5k_b_dirty_004.png,5000,dirty,393.5005128736696,11.315855500288485,0.21067134864111853,0.08328085290324669,0.6833085286181411,0.006961866441753233
dataset\5000\dirty\5k_b_dirty_005.png,5000,dirty,387.21811773116923,11.593983023356378,0.1453457170433446,0.02074546225024498,0.7131326608312816,0.00043249392858865675
dataset\5000\dirty\5k_d_dirty_001.png,5000,dirty,742.4725001201364,14.81008476307139,0.222064246898938,0.07597628766515202,0.8726659174545719,0.005800171912749616
dataset\5000\dirty\5k_d_dirty_002.png,5000,dirty,479.25992713140477,13.120757641291608,0.19358768231222354,0.03989102507272874,0.882340843965929,0.0016029055862852078
dataset\5000\dirty\5k_d_dirty_003.png,5000,dirty,715.9993812175613,13.926898849000171,0.2198304289038383,0.0672736723066322,0.8386922210119,0.004548856075944476
dataset\5000\dirty\5k_d_dirty_004.png,5000,dirty,845.6889196613117,15.84785705918372,0.20298756220178837,0.063638823673823,0.8184564168375703,0.004073136538981752
dataset\5000\dirty\5k_d_dirty_005.png,5000,dirty,309.79678549116517,10.300105097798737,0.23818732218897143,0.06756867598549576,0.9279338536847007,0.0045869339980262195
dataset\5000\normal\5k_b_normal_001.png,5000,normal,525.8391744611533,13.428094978493775,0.13247645494900986,0.021909016584884526,0.7309849107296499,0.00048111477304512324
dataset\5000\normal\5k_b_normal_002.png,5000,normal,514.7060623318018,12.89729980656476,0.14069514899938004,0.02340004262651333,0.7250439613847768,0.0005489685589272938
dataset\5000\normal\5k_b_normal_003.png,5000,normal,530.1700974985621,13.337056600826504,0.13377976626519622,0.022193362827011266,0.7155160287699436,0.0004938520890940587
dataset\5000\normal\5k_b_normal_004.png,5000,normal,534.3657559592527,13.223032968089171,0.135970150481621,0.023466927952717168,0.7134924864287391,0.0005521216001774498
dataset\5000\normal\5k_b_normal_005.png,5000,normal,524.8914660076716,13.227225571294648,0.1351414890347101,0.02293468095063473,0.7210548098689757,0.0005271633693245074
dataset\5000\normal\5k_d_normal_001.png,5000,normal,440.6464449070056,11.590890162437242,0.24396467922185386,0.08591497830383373,0.8885073278063729,0.00741270986715745
dataset\5000\normal\5k_d_normal_002.png,5000,normal,471.5858713445539,12.077756406790282,0.23440371746191524,0.07917678613321183,0.8882968525062029,0.006302253210275321
dataset\5000\normal\5k_d_normal_003.png,5000,normal,456.8694741505633,11.776417363513577,0.24707249076448848,0.08729186353445431,0.8928689931267018,0.007653435672158187
dataset\5000\normal\5k_d_normal_004.png,5000,normal,480.82782999627767,12.130000345419836,0.24068686433498898,0.08815024106519206,0.8888966194164372,0.007805267440182567
dataset\5000\normal\5k_d_normal_005.png,5000,normal,446.90879176578744,11.617594089412545,0.2369899135973104,0.0783715801913465,0.8887725220350445,0.0061773888794400215
dataset\5000\scuffed\5k_b_scuffed_001.png,5000,scuffed,441.27316903354824,12.612026203863778,0.13267811988944392,0.018427647304776636,0.7388349972615761,0.0003428291443786613
dataset\5000\scuffed\5k_b_scuffed_002.png,5000,scuffed,419.2796411686652,12.197019881175384,0.13754065893083456,0.018624201235756373,0.7398997106211671,0.00035279191234846834
dataset\5000\scuffed\5k_b_scuffed_003.png,5000,scuffed,426.20938217873527,12.802978031285912,0.12682992306836793,0.017859770030881048,0.7350569195968635,0.0003245151820159977
dataset\5000\scuffed\5k_b_scuffed_004.png,5000,scuffed,414.75267556348854,12.187610744665411,0.1384243633196845,0.01940005407997994,0.7475254155959885,0.0003816519605797819
dataset\5000\scuffed\5k_b_scuffed_005.png,5000,scuffed,451.6702912341457,12.72826797385615,0.12780283702161144,0.017579212147650642,0.7441342104856393,0.00031640013073976975
dataset\5000\scuffed\5k_d_scuffed_001.png,5000,scuffed,428.44668204536316,12.245985618511678,0.1854311732680446,0.03788958150189273,0.8892318388647926,0.0014621269540498558
dataset\5000\scuffed\5k_d_scuffed_002.png,5000,scuffed,434.2536970005543,12.520063031646302,0.17049424783796016,0.03315707184954011,0.885728649868806,0.0011281379286023556
dataset\5000\scuffed\5k_d_scuffed_003.png,5000,scuffed,428.58220406514084,12.613621969314439,0.1653540143350832,0.030387498798702284,0.8884187182476282,0.0009436200797828387
dataset\5000\scuffed\5k_d_scuffed_004.png,5000,scuffed,429.3180365574563,12.244173980560152,0.1750791631513718,0.03293051866041804,0.8882933691278159,0.001112982570495912
dataset\5000\scuffed\5k_d_scuffed_005.png,5000,scuffed,412.506307129471,12.551405168684896,0.15481772157174448,0.026781384901019445,0.8804011780345468,0.000745391096371566
dataset\5000\scuffed-dirty\5k_b_scuffed-dirty_001.png,5000,scuffed-dirty,271.6004288614994,10.354046850970787,0.13107468057104432,0.020065918664077923,0.7276065044967658,0.0004075669892576613
dataset\5000\scuffed-dirty\5k_b_scuffed-dirty_002.png,5000,scuffed-dirty,258.92680785335426,9.7401431690936,0.14738182528592866,0.021887146287677902,0.7688046675515932,0.00048619949299011887
dataset\5000\scuffed-dirty\5k_b_scuffed-dirty_003.png,5000,scuffed-dirty,245.8179933348991,9.65365347762874,0.14146310790673378,0.02172239984763119,0.7376923531281934,0.0004787112613831673
dataset\5000\scuffed-dirty\5k_b_scuffed-dirty_004.png,5000,scuffed-dirty,265.10194582612894,10.191599204632809,0.13300232652474248,0.02100144050385767,0.7262386466586777,0.00044657146773481663
dataset\5000\scuffed-dirty\5k_b_scuffed-dirty_005.png,5000,scuffed-dirty,244.22136802852452,9.694815440575692,0.14101131145333604,0.021452092512928806,0.7315293463075024,0.0004662949550533697
dataset\5000\scuffed-dirty\5k_d_scuffed-dirty_001.png,5000,scuffed-dirty,251.57629071451197,9.507458925052797,0.14943084630762316,0.01798475042145827,0.8913375332205942,0.00032849015545628784
dataset\5000\scuffed-dirty\5k_d_scuffed-dirty_002.png,5000,scuffed-dirty,246.08658281971174,9.119306531742495,0.17188692328800642,0.019645884291998532,0.8891062580822449,0.00039290734888955224
dataset\5000\scuffed-dirty\5k_d_scuffed-dirty_003.png,5000,scuffed-dirty,242.9273713685869,9.00369414708278,0.17389943675429465,0.020042531055707344,0.8919438844436753,0.000408627935295451
dataset\5000\scuffed-dirty\5k_d_scuffed-dirty_004.png,5000,scuffed-dirty,261.1121957750647,9.908310400446904,0.1377111049494756,0.016915427607140272,0.887735038981795,0.00029049265797619485
dataset\5000\scuffed-dirty\5k_d_scuffed-dirty_005.png,5000,scuffed-dirty,284.0033307652137,10.044163948361131,0.14384942812766394,0.017454814095429864,0.8839782016435138,0.0003091706771814367
dataset\5000\torn\5k_b_torn_001.png,5000,torn,454.87915558319287,12.000656418204414,0.21105276979760623,0.08754806196583823,0.7839181228595635,0.007675536776079017
dataset\5000\torn\5k_b_torn_002.png,5000,torn,374.82210194096507,10.547870125071992,0.27411485351271225,0.15494790255917545,0.8375025347052896,0.0240146762775755
dataset\5000\torn\5k_b_torn_003.png,5000,torn,455.91461610318606,12.407068525326714,0.17144134197747013,0.04314084010131432,0.7496337023373945,0.0018648552245657934
dataset\5000\torn\5k_b_torn_004.png,5000,torn,447.8540317726424,12.189961042627688,0.1710030720129827,0.046010426699305634,0.7522094131463142,0.0021193925856964743
dataset\5000\torn\5k_b_torn_005.png,5000,torn,410.22024894272,11.195124621539746,0.24317472203988538,0.12455916053970988,0.817325326145099,0.015516417130947261
dataset\5000\torn\5k_d_torn_001.png,5000,torn,482.21797292508165,12.109379265186254,0.2505305653146199,0.07629940980171183,0.887782650046365,0.005859640780179519
dataset\5000\torn\5k_d_torn_002.png,5000,torn,457.60701004421617,11.665762687427675,0.2585319662602102,0.07773946623661941,0.8932962059903601,0.006069909101823492
dataset\5000\torn\5k_d_torn_003.png,5000,torn,425.6783647365156,11.06002455485839,0.2794552255572943,0.09035040159705031,0.9032065672837826,0.008178328291061484
dataset\5000\torn\5k_d_torn_004.png,5000,torn,440.97733820825545,10.907745263239628,0.3258888344682154,0.13621609354367567,0.9062552798821788,0.018567966082265915
dataset\5000\torn\5k_d_torn_005.png,5000,torn,349.70600191332244,9.679089427743751,0.3703227191224181,0.1785577274531785,0.9238737724143075,0.03189360611445785
dataset\50000\dirty\50k_b_dirty_001.png,50000,dirty,580.116080338698,13.517644220371988,0.14177734189016122,0.01930111216636352,0.7571523831448006,0.0003752950306873064
dataset\50000\dirty\50k_b_dirty_002.png,50000,dirty,407.05737088800436,11.475259110077829,0.16294248632483171,0.0203940736448282,0.769997353149772,0.00041974029157517995
dataset\50000\dirty\50k_b_dirty_003.png,50000,dirty,509.34882686346833,12.651002679257939,0.1460434147958222,0.01927748859970781,0.7813214283452362,0.0003740420096340776
dataset\50000\dirty\50k_b_dirty_004.png,50000,dirty,516.5912578545513,12.901013777753624,0.1440516525278051,0.02020647158367704,0.789876343906238,0.0004106196235933223
dataset\50000\dirty\50k_b_dirty_005.png,50000,dirty,535.5698450415771,13.03818140859283,0.14281541585187207,0.02038470541307542,0.760520174392017,0.00041801735411912554
dataset\50000\dirty\50k_d_dirty_001.png,50000,dirty,454.4832717884986,11.884943261005247,0.1719347413587953,0.02313867435891663,0.8588163774416273,0.0005423682488897603
dataset\50000\dirty\50k_d_dirty_002.png,50000,dirty,398.15956226271436,10.806090761365692,0.19183074421271795,0.022959414358063226,0.8613000610023718,0.0005337975001273577
dataset\50000\dirty\50k_d_dirty_003.png,50000,dirty,468.6222378862726,12.347070132280683,0.16105939626849608,0.01927268358853242,0.8483594946612624,0.00037615871321646936
dataset\50000\dirty\50k_d_dirty_004.png,50000,dirty,449.3534377553123,11.715704341479107,0.1763590736436265,0.024727825998333803,0.8610218345934079,0.000618714587426006
dataset\50000\dirty\50k_d_dirty_005.png,50000,dirty,517.7554887693439,12.545238955569722,0.16893998487853135,0.023258386095267338,0.8469825245667517,0.0005482499919810806
dataset\50000\normal\50k_b_normal_001.png,50000,normal,540.9342687157636,13.07348238958568,0.14121761638530397,0.01900459308468587,0.7652431861233068,0.00036331528980197583
dataset\50000\normal\50k_b_normal_002.png,50000,normal,527.288648867025,12.977948745674647,0.1436083297953668,0.02023925106146899,0.7679608967328542,0.0004126173775007365
dataset\50000\normal\50k_b_normal_003.png,50000,normal,523.6344906556408,12.845579810048937,0.14678666674311586,0.020297606318658637,0.761217918332437,0.0004149437868503672
dataset\50000\normal\50k_b_normal_004.png,50000,normal,525.8968357122294,12.864594296664634,0.14472378333225389,0.019369397603767283,0.7630829292575441,0.0003775937497117962
dataset\50000\normal\50k_b_normal_005.png,50000,normal,553.8636063202865,13.35748325463754,0.13961290301213364,0.01981092827048405,0.7407762188157556,0.0003953806604332029
dataset\50000\normal\50k_d_normal_001.png,50000,normal,480.69327147311094,11.976185826965416,0.17408668975361516,0.022890854328993033,0.8549869545478811,0.0005305509138773774
dataset\50000\normal\50k_d_normal_002.png,50000,normal,462.32163203455707,11.787823823769575,0.17628804493665512,0.023572590047966618,0.8556202810669772,0.0005624733677458631
dataset\50000\normal\50k_d_normal_003.png,50000,normal,460.2906744401219,11.875934796712672,0.174275782583157,0.02404407631783437,0.8557447859641365,0.0005856660589415362
dataset\50000\normal\50k_d_normal_004.png,50000,normal,459.77211616325553,11.791619599432718,0.1789443245508816,0.022981563618166632,0.8581188835684367,0.0005344275550613662
dataset\50000\normal\50k_d_normal_005.png,50000,normal,491.3536487769134,12.397595215782225,0.16520424819836618,0.02141456420151647,0.8516326470866007,0.00046526328146344244
dataset\50000\scuffed\50k_b_scuffed_001.png,50000,scuffed,519.2568133800705,13.459732119256898,0.12675303092197998,0.016313711897496523,0.7611240155921579,0.0002709862163758917
dataset\50000\scuffed\50k_b_scuffed_002.png,50000,scuffed,417.89541204104796,11.676608515955312,0.15034928442329637,0.01805390869649474,0.7798127577646827,0.000333254358393121
dataset\50000\scuffed\50k_b_scuffed_003.png,50000,scuffed,499.58478399233695,13.145718488682094,0.12602476581158084,0.017173484910944718,0.7355191245756628,0.0003012412162168145
dataset\50000\scuffed\50k_b_scuffed_004.png,50000,scuffed,464.8126130124249,12.594739868680172,0.14051547909686163,0.01645411106234935,0.794875418711463,0.00027745589885499864
dataset\50000\scuffed\50k_b_scuffed_005.png,50000,scuffed,427.7058903877156,12.079821297697926,0.13825754752999472,0.016020587168016284,0.8151176154341884,0.00026329535867008683
dataset\50000\scuffed\50k_d_scuffed_001.png,50000,scuffed,448.8384489288957,12.317934943891668,0.15636922747335497,0.01872254293110202,0.8569264104321734,0.00035983134728151704
dataset\50000\scuffed\50k_d_scuffed_002.png,50000,scuffed,403.8589081272871,11.4590129847894,0.16008375598421515,0.0170703123737334,0.8578617716140595,0.0002995234652596544
dataset\50000\scuffed\50k_d_scuffed_003.png,50000,scuffed,442.49637293949314,12.58452893718746,0.1418567904752737,0.017987734109298156,0.8579673005668276,0.00033183013817312233
dataset\50000\scuffed\50k_d_scuffed_004.png,50000,scuffed,413.0702895971525,11.576345170727446,0.16561209602140423,0.017623623606146947,0.8702687908005252,0.00031989894698302595
dataset\50000\scuffed\50k_d_scuffed_005.png,50000,scuffed,395.4306677419762,11.584535334967164,0.1553350908161572,0.016295570757480893,0.8723848274392081,0.0002748752314313897
dataset\50000\scuffed-dirty\50k_b_scuffed-dirty_001.png,50000,scuffed-dirty,474.63002278270596,13.230949049043488,0.11359192123291331,0.016329895700936833,0.7424453547350207,0.0002703756481256271
dataset\50000\scuffed-dirty\50k_b_scuffed-dirty_002.png,50000,scuffed-dirty,385.54085544021945,10.85301587730672,0.15309590453149005,0.02152580809878423,0.7614438426223384,0.0004696506616689771
dataset\50000\scuffed-dirty\50k_b_scuffed-dirty_003.png,50000,scuffed-dirty,423.3342950427749,11.684772233035336,0.14077984524386122,0.017343610318542174,0.7856592683034738,0.0003065979051713552
dataset\50000\scuffed-dirty\50k_b_scuffed-dirty_004.png,50000,scuffed-dirty,421.4163309784733,11.776878724528991,0.13333703580246425,0.017677697180641366,0.7772801594526082,0.00031676369455157333
dataset\50000\scuffed-dirty\50k_b_scuffed-dirty_005.png,50000,scuffed-dirty,430.4750769535775,11.640393868944518,0.1493992951483432,0.019023196608024494,0.7765204909362271,0.00036877866761330735
dataset\50000\scuffed-dirty\50k_d_scuffed-dirty_001.png,50000,scuffed-dirty,452.37412743896436,12.421193861735777,0.1289057097144328,0.01481463696757694,0.8624317921166045,0.0002228416699979197
dataset\50000\scuffed-dirty\50k_d_scuffed-dirty_002.png,50000,scuffed-dirty,393.1673284914466,11.180281171904854,0.14642508980173283,0.018454371579684048,0.838463010353307,0.00034524519144747527
dataset\50000\scuffed-dirty\50k_d_scuffed-dirty_003.png,50000,scuffed-dirty,350.0328185823977,10.532039014441384,0.15459402263662672,0.019218325870724966,0.8466522155545798,0.00037623477559323886
dataset\50000\scuffed-dirty\50k_d_scuffed-dirty_004.png,50000,scuffed-dirty,336.5649469404807,10.169296319324225,0.1597239356030729,0.01983983280409973,0.840914564103286,0.0003991257855323786
dataset\50000\scuffed-dirty\50k_d_scuffed-dirty_005.png,50000,scuffed-dirty,406.4382700613977,11.445980917795934,0.15400400804943656,0.01728057961081944,0.858787871082056,0.00030409803150099174
dataset\50000\torn\50k_b_torn_001.png,50000,torn,536.198103974437,12.935472054017632,0.14980388461000826,0.02078377191650927,0.7694349568764558,0.00043434999866007477
dataset\50000\torn\50k_b_torn_002.png,50000,torn,560.7234028528727,13.014300194035904,0.17379549612406553,0.04292825481062823,0.7770973826100345,0.001846652474970835
dataset\50000\torn\50k_b_torn_003.png,50000,torn,566.9316127661293,13.131839121371584,0.1634194445494797,0.03574488652441335,0.7701060298992768,0.0012798260521804804
dataset\50000\torn\50k_b_torn_004.png,50000,torn,503.9216922277511,12.336422980344054,0.20397830454158228,0.07621227090561183,0.8118897441819634,0.00581190924257397
dataset\50000\torn\50k_b_torn_005.png,50000,torn,465.6049937524067,11.784393051951048,0.22224907118892437,0.09642580991643264,0.8355613347344781,0.009299759328688697
dataset\50000\torn\50k_d_torn_001.png,50000,torn,399.70734882617296,10.980705888360076,0.23633525667108848,0.08335450465494304,0.8930351111636734,0.006948429540465935
dataset\50000\torn\50k_d_torn_002.png,50000,torn,457.97986551146073,11.516394791065728,0.2402933140197092,0.07864258916056499,0.8825805049772181,0.006190478714801727
dataset\50000\torn\50k_d_torn_003.png,50000,torn,468.72234624303246,11.643206158688706,0.24285751140138068,0.0951708514181811,0.8813558656099807,0.009069507165776617
dataset\50000\torn\50k_d_torn_004.png,50000,torn,451.4871345305912,11.541899735077621,0.22288801692832697,0.06929270989906926,0.876998018948209,0.004804607274139783
dataset\50000\torn\50k_d_torn_005.png,50000,torn,453.22342703227287,11.59439862372632,0.22441599918927485,0.07290427756291602,0.8749570179502477,0.005324190110003849
